{
  "step_000500": {
    "n_frames": 8,
    "psnr_mean": 14.918177772271285,
    "psnr_std": 2.6477839960170897,
    "psnr_min": 11.068937713169218,
    "psnr_max": 19.443491975262123,
    "psnr_per_frame": [
      11.764315441082267,
      11.068937713169218,
      13.40922374767576,
      15.635160657923672,
      14.41434763805973,
      19.443491975262123,
      16.222188140489664,
      17.38775686450785
    ],
    "type": "single_rollout",
    "epoch_name": "step_000500"
  },
  "step_001000": {
    "n_frames": 8,
    "psnr_mean": 14.768452239901524,
    "psnr_std": 1.9736478614476762,
    "psnr_min": 11.524183957797602,
    "psnr_max": 16.802302356330646,
    "psnr_per_frame": [
      11.524183957797602,
      12.070619478046744,
      13.572048494500248,
      15.535125652848937,
      15.448057823496175,
      16.802302356330646,
      16.754599255104356,
      16.440680901087497
    ],
    "type": "single_rollout",
    "epoch_name": "step_001000"
  },
  "step_001500": {
    "n_frames": 8,
    "psnr_mean": 15.129937820026615,
    "psnr_std": 1.702488392238056,
    "psnr_min": 11.775574889599687,
    "psnr_max": 17.615504209423133,
    "psnr_per_frame": [
      11.775574889599687,
      13.620845181293607,
      14.55567916896307,
      15.749459024791046,
      15.124843977194455,
      16.167442993302082,
      17.615504209423133,
      16.430153115645844
    ],
    "type": "single_rollout",
    "epoch_name": "step_001500"
  },
  "step_002000": {
    "n_frames": 8,
    "psnr_mean": 15.81346771365121,
    "psnr_std": 2.197662984702078,
    "psnr_min": 11.707417500710648,
    "psnr_max": 19.737658310229268,
    "psnr_per_frame": [
      11.707417500710648,
      14.451852752128522,
      15.302391446182428,
      17.197738741196634,
      14.859140951368827,
      16.383854495768215,
      16.86768751162514,
      19.737658310229268
    ],
    "type": "single_rollout",
    "epoch_name": "step_002000"
  },
  "step_002500": {
    "n_frames": 8,
    "psnr_mean": 15.47019462422303,
    "psnr_std": 1.9741945832201793,
    "psnr_min": 11.618049976010118,
    "psnr_max": 17.994359531905538,
    "psnr_per_frame": [
      11.618049976010118,
      13.744270602141516,
      15.988170541702349,
      17.725662279236154,
      15.872747704725603,
      17.994359531905538,
      16.26512063885009,
      14.553175719212879
    ],
    "type": "single_rollout",
    "epoch_name": "step_002500"
  },
  "step_003000": {
    "n_frames": 8,
    "psnr_mean": 14.682336726730977,
    "psnr_std": 1.50949522851897,
    "psnr_min": 12.182268647989869,
    "psnr_max": 16.57191130732381,
    "psnr_per_frame": [
      14.7230874478732,
      12.182268647989869,
      13.600276555526538,
      14.394424825983936,
      16.57191130732381,
      16.113503595251377,
      16.51376274476475,
      13.359458689134325
    ],
    "type": "single_rollout",
    "epoch_name": "step_003000"
  },
  "step_003500": {
    "n_frames": 8,
    "psnr_mean": 15.286730090512496,
    "psnr_std": 1.6373114623382448,
    "psnr_min": 12.948056618559548,
    "psnr_max": 18.04979776028287,
    "psnr_per_frame": [
      12.948056618559548,
      13.170029085613086,
      15.482962389491032,
      17.069875751983673,
      14.672507352048347,
      18.04979776028287,
      15.12392291789795,
      15.77668884822346
    ],
    "type": "single_rollout",
    "epoch_name": "step_003500"
  },
  "step_004000": {
    "n_frames": 8,
    "psnr_mean": 15.842267122698814,
    "psnr_std": 2.4954566872163726,
    "psnr_min": 12.152810539292071,
    "psnr_max": 19.90593749481853,
    "psnr_per_frame": [
      12.152810539292071,
      13.351105707347735,
      13.544132136883107,
      17.657592223261307,
      18.02961758915291,
      15.905871261933683,
      16.191070028901176,
      19.90593749481853
    ],
    "type": "single_rollout",
    "epoch_name": "step_004000"
  },
  "step_004500": {
    "n_frames": 8,
    "psnr_mean": 14.809952640116446,
    "psnr_std": 1.7919095462688437,
    "psnr_min": 12.336482329692997,
    "psnr_max": 17.58380307725977,
    "psnr_per_frame": [
      12.336482329692997,
      12.721901215941626,
      14.025297476610593,
      17.310139071851133,
      14.363795717615801,
      14.672068108369736,
      17.58380307725977,
      15.466134123589923
    ],
    "type": "single_rollout",
    "epoch_name": "step_004500"
  },
  "step_005000": {
    "n_frames": 8,
    "psnr_mean": 15.945246032312717,
    "psnr_std": 2.180489666738291,
    "psnr_min": 12.757455822082003,
    "psnr_max": 19.780918142662596,
    "psnr_per_frame": [
      12.757455822082003,
      14.452058762507875,
      14.922868565969118,
      19.780918142662596,
      14.323186173031878,
      16.10910034709996,
      16.686686711551676,
      18.529693733596634
    ],
    "type": "single_rollout",
    "epoch_name": "step_005000"
  },
  "step_005500": {
    "n_frames": 8,
    "psnr_mean": 16.417703679065404,
    "psnr_std": 1.8794703338167216,
    "psnr_min": 12.577556240539167,
    "psnr_max": 19.01485467655608,
    "psnr_per_frame": [
      12.577556240539167,
      15.397053542810115,
      16.28969234359619,
      17.726090468626502,
      18.11131290487185,
      19.01485467655608,
      16.79911533276371,
      15.42595392275964
    ],
    "type": "single_rollout",
    "epoch_name": "step_005500"
  },
  "step_006000": {
    "n_frames": 8,
    "psnr_mean": 15.801346631919126,
    "psnr_std": 2.5139175718486473,
    "psnr_min": 11.450702798295636,
    "psnr_max": 19.62348951983364,
    "psnr_per_frame": [
      11.450702798295636,
      12.903067705587198,
      15.22410953585609,
      15.028644994597444,
      17.3476868056131,
      19.62348951983364,
      17.21375162425593,
      17.619320071313965
    ],
    "type": "single_rollout",
    "epoch_name": "step_006000"
  },
  "step_006500": {
    "n_frames": 8,
    "psnr_mean": 15.2248270380942,
    "psnr_std": 1.8639056937704008,
    "psnr_min": 11.619818724292998,
    "psnr_max": 18.049595065234016,
    "psnr_per_frame": [
      11.619818724292998,
      14.670769304601263,
      13.590306067258286,
      15.754338304656834,
      15.139064258066853,
      16.91361889976951,
      16.061105680873833,
      18.049595065234016
    ],
    "type": "single_rollout",
    "epoch_name": "step_006500"
  },
  "step_007000": {
    "n_frames": 8,
    "psnr_mean": 16.18335224678758,
    "psnr_std": 2.077868060398904,
    "psnr_min": 12.112771164717719,
    "psnr_max": 18.936761341525386,
    "psnr_per_frame": [
      15.009397204191266,
      12.112771164717719,
      14.735600899479703,
      16.566978329353873,
      18.607631789590243,
      16.394304377944746,
      17.103372867497704,
      18.936761341525386
    ],
    "type": "single_rollout",
    "epoch_name": "step_007000"
  },
  "step_007500": {
    "n_frames": 8,
    "psnr_mean": 15.50999518826794,
    "psnr_std": 2.103682902585976,
    "psnr_min": 12.545760616646165,
    "psnr_max": 19.102054254992833,
    "psnr_per_frame": [
      12.545760616646165,
      15.227201468645655,
      13.88086466071817,
      15.939893511169359,
      13.980715713200539,
      19.102054254992833,
      18.377480496807117,
      15.025990783963682
    ],
    "type": "single_rollout",
    "epoch_name": "step_007500"
  },
  "step_008000": {
    "n_frames": 8,
    "psnr_mean": 15.780464571166023,
    "psnr_std": 1.3428538917039223,
    "psnr_min": 13.887302079978829,
    "psnr_max": 17.466032444534363,
    "psnr_per_frame": [
      14.78277397495473,
      13.887302079978829,
      13.920695040440727,
      16.34711949860922,
      15.84500967997188,
      17.466032444534363,
      17.357691689391512,
      16.63709216144692
    ],
    "type": "single_rollout",
    "epoch_name": "step_008000"
  },
  "step_008500": {
    "n_frames": 8,
    "psnr_mean": 16.25991414728435,
    "psnr_std": 2.730785982051049,
    "psnr_min": 12.003716037172218,
    "psnr_max": 19.43885720366623,